"0","0","0","432.03"
"1","0","1","354.96"
"2","0","2","220.91"
"3","0","3","246.07"
"4","0","4","226.39"
"5","0","5","58.88"
"6","0","6","368.44"
"7","0","7","459.83"
"8","0","8","38.87"
"9","0","9","68.30"
"10","0","10","242.28"
"11","0","11","179.55"
"12","0","12","243.12"
"13","0","13","171.86"
"14","0","14","158.48"
"15","0","15","202.51"
"16","0","16","382.49"
"17","0","17","59.20"
"18","0","18","124.57"
"19","0","19","419.29"
"20","0","20","181.36"
"21","0","21","9.63"
"22","0","22","419.14"
"23","0","23","195.02"
"24","0","24","340.31"
"25","0","25","31.24"
"26","0","26","158.63"
"27","0","27","334.85"
"28","0","28","289.19"
"29","0","29","386.12"
"30","0","30","305.74"
"31","0","31","323.94"
"32","0","32","434.89"
"33","0","33","10.16"
"34","0","34","221.96"
"35","0","35","72.98"
"36","0","36","72.19"
"37","0","37","372.98"
"38","0","38","144.11"
"39","0","39","0.74"
"40","0","40","388.27"
"41","0","41","497.15"
"42","0","42","283.20"
"43","0","43","138.18"
"44","0","44","273.65"
"45","0","45","345.25"
"46","0","46","84.10"
"47","0","47","258.19"
"48","0","48","416.89"
"49","0","49","252.76"
"50","0","50","290.18"
"51","0","51","263.26"
"52","0","52","384.81"
"53","0","53","210.72"
"54","0","54","487.86"
"55","0","55","57.40"
"56","0","56","298.48"
"57","0","57","287.54"
"58","0","58","51.54"
"59","0","59","177.96"
"60","0","60","153.66"
"61","0","61","329.65"
"62","0","62","58.38"
"63","0","63","187.05"
"64","0","64","62.93"
"65","0","65","453.54"
"66","0","66","324.65"
"67","0","67","130.51"
"68","0","68","442.83"
"69","0","69","0.35"
"70","0","70","286.51"
"71","0","71","237.44"
"72","0","72","341.52"
"73","0","73","437.59"
"74","0","74","387.28"
"75","0","75","97.87"
"76","0","76","440.32"
"77","0","77","242.01"
"78","0","78","239.78"
"79","0","79","358.40"
"80","0","80","50.61"
"81","0","81","64.03"
"82","0","82","166.22"
"83","0","83","455.15"
"84","0","84","114.72"
"85","0","85","199.40"
"86","0","86","68.38"
"87","0","87","59.94"
"88","0","88","221.99"
"89","0","89","154.54"
"90","0","90","201.93"
"91","0","91","395.18"
"92","0","92","63.35"
"93","0","93","154.09"
"94","0","94","472.93"
"95","0","95","248.86"
"96","0","96","252.70"
"97","0","97","299.31"
"98","0","98","381.97"
"99","0","99","71.59"
"100","0","100","430.35"
"101","0","101","339.58"
"102","0","102","125.34"
"103","0","103","128.15"
"104","0","104","478.15"
"105","0","105","136.65"
"106","0","106","103.24"
"107","0","107","320.80"
"108","0","108","130.22"
"109","0","109","454.16"
"110","0","110","331.08"
"111","0","111","237.92"
"112","0","112","329.65"
"113","0","113","300.49"
"114","0","114","415.44"
"115","0","115","240.49"
"116","0","116","33.40"
"117","0","117","236.53"
"118","0","118","412.02"
"119","0","119","352.39"
"120","0","120","163.02"
"121","0","121","297.59"
"122","0","122","8.36"
"123","0","123","252.52"
"124","0","124","399.43"
"125","0","125","28.69"
"126","0","126","170.43"
"127","0","127","457.19"
"128","0","128","479.97"
"129","0","129","201.96"
"130","0","130","291.19"
"131","0","131","342.25"
"132","0","132","87.57"
"133","0","133","337.75"
"134","0","134","98.66"
"135","0","135","383.94"
"136","0","136","184.07"
"137","0","137","194.06"
"138","0","138","249.24"
"139","0","139","395.38"
"140","0","140","19.85"
"141","0","141","28.05"
"142","0","142","434.83"
"143","0","143","444.72"
"144","0","144","33.71"
"145","0","145","294.46"
"146","0","146","170.95"
"147","0","147","79.19"
"148","0","148","120.17"
"149","0","149","146.34"
"150","0","150","365.88"
"151","0","151","246.54"
"152","0","152","366.14"
"153","0","153","5.77"
"154","0","154","383.89"
"155","0","155","110.99"
"156","0","156","103.19"
"157","0","157","411.11"
"158","0","158","454.49"
"159","0","159","145.58"
"160","0","160","228.89"
"161","0","161","106.29"
"162","0","162","369.49"
"163","0","163","30.89"
"164","0","164","302.94"
"165","0","165","179.75"
"166","0","166","33.13"
"167","0","167","25.20"
"168","0","168","481.44"
"169","0","169","458.65"
"170","0","170","286.61"
"171","0","171","361.32"
"172","0","172","479.59"
"173","0","173","288.83"
"174","0","174","162.86"
"175","0","175","343.47"
"176","0","176","26.21"
"177","0","177","362.08"
"178","0","178","362.35"
"179","0","179","228.19"
"180","0","180","164.76"
"181","0","181","387.89"
"182","0","182","237.90"
"183","0","183","163.37"
"184","0","184","2.27"
"185","0","185","72.64"
"186","0","186","233.57"
"187","0","187","498.96"
"188","0","188","54.57"
"189","0","189","480.44"
"190","0","190","94.16"
"191","0","191","30.94"
"192","0","192","140.18"
"193","0","193","421.06"
"194","0","194","61.81"
"195","0","195","143.95"
"196","0","196","32.55"
"197","0","197","429.75"
"198","0","198","218.68"
"199","0","199","448.32"
"200","0","200","276.11"
"201","0","201","147.97"
"202","0","202","256.62"
"203","0","203","440.39"
"204","0","204","388.96"
"205","0","205","41.93"
"206","0","206","161.62"
"207","0","207","398.35"
"208","0","208","287.59"
"209","0","209","478.20"
"210","0","210","157.69"
"211","0","211","266.55"
"212","0","212","126.59"
"213","0","213","408.79"
"214","0","214","197.22"
"215","0","215","86.92"
"216","0","216","49.11"
"217","0","217","95.24"
"218","0","218","184.79"
"219","0","219","23.84"
"220","0","220","339.65"
"221","0","221","269.64"
"222","0","222","22.59"
"223","0","223","472.05"
"224","0","224","462.51"
"225","0","225","173.90"
"226","0","226","168.80"
"227","0","227","293.35"
"228","0","228","446.95"
"229","0","229","176.62"
"230","0","230","136.73"
"231","0","231","316.79"
"232","0","232","415.54"
"233","0","233","320.12"
"234","0","234","327.89"
"235","0","235","367.01"
"236","0","236","149.28"
"237","0","237","217.66"
"238","0","238","241.11"
"239","0","239","106.83"
"240","0","240","371.02"
"241","0","241","293.54"
"242","0","242","238.94"
"243","0","243","15.39"
"244","0","244","457.06"
"245","0","245","61.91"
"246","0","246","442.92"
"247","0","247","427.61"
"248","0","248","275.02"
"249","0","249","230.02"
"250","0","250","500.63"
"251","0","251","381.21"
"252","0","252","6.52"
"253","0","253","415.42"
"254","0","254","10.42"
"255","0","255","63.19"
"256","0","256","127.40"
"257","0","257","243.34"
"258","0","258","39.54"
"259","0","259","189.33"
"260","0","260","162.38"
"261","0","261","140.67"
"262","0","262","268.94"
"263","0","263","454.06"
"264","0","264","1.87"
"265","0","265","358.22"
"266","0","266","372.82"
"267","0","267","149.61"
"268","0","268","352.41"
"269","0","269","238.83"
"270","0","270","130.49"
"271","0","271","175.41"
"272","0","272","94.91"
"273","0","273","435.80"
"274","0","274","111.12"
"275","0","275","416.51"
"276","0","276","439.15"
"277","0","277","341.74"
"278","0","278","106.25"
"279","0","279","111.65"
"280","0","280","402.08"
"281","0","281","276.36"
"282","0","282","246.82"
"283","0","283","446.48"
"284","0","284","264.16"
"285","0","285","78.81"
"286","0","286","86.85"
"287","0","287","228.81"
"288","0","288","466.60"
"289","0","289","456.85"
"290","0","290","460.73"
"291","0","291","407.12"
"292","0","292","477.21"
"293","0","293","265.34"
"294","0","294","266.74"
"295","0","295","452.08"
"296","0","296","229.43"
"297","0","297","443.24"
"298","0","298","142.50"
"299","0","299","177.38"
"300","0","300","355.18"
"301","0","301","98.15"
"302","0","302","493.26"
"303","0","303","453.66"
"304","0","304","89.45"
"305","0","305","435.50"
"306","0","306","171.93"
"307","0","307","296.48"
"308","0","308","75.66"
"309","0","309","3.56"
"310","0","310","9.43"
"311","0","311","94.77"
"312","0","312","245.52"
"313","0","313","352.61"
"314","0","314","390.96"
"315","0","315","16.27"
"316","0","316","217.34"
"317","0","317","45.95"
"318","0","318","194.67"
"319","0","319","248.48"
"320","0","320","207.27"
"321","0","321","483.36"
"322","0","322","412.08"
"323","0","323","78.48"
"324","0","324","273.07"
"325","0","325","128.49"
"326","0","326","452.47"
"327","0","327","346.59"
"328","0","328","188.44"
"329","0","329","458.87"
"330","0","330","377.51"
"331","0","331","296.15"
"332","0","332","100.30"
"333","0","333","378.79"
"334","0","334","484.66"
"335","0","335","357.56"
"336","0","336","238.26"
"337","0","337","288.92"
"338","0","338","160.04"
"339","0","339","67.52"
"340","0","340","326.70"
"341","0","341","258.79"
"342","0","342","290.01"
"343","0","343","325.55"
"344","0","344","117.80"
"345","0","345","470.92"
"346","0","346","227.05"
"347","0","347","199.52"
"348","0","348","326.89"
"349","0","349","174.96"
"350","0","350","22.09"
"351","0","351","34.13"
"352","0","352","261.22"
"353","0","353","131.73"
"354","0","354","78.21"
"355","0","355","57.34"
"356","0","356","347.45"
"357","0","357","177.48"
"358","0","358","138.83"
"359","0","359","358.26"
"360","0","360","242.55"
"361","0","361","142.09"
"362","0","362","445.84"
"363","0","363","459.30"
"364","0","364","439.70"
"365","0","365","55.62"
"366","0","366","196.91"
"367","0","367","237.67"
"368","0","368","36.79"
"369","0","369","179.01"
"370","0","370","78.89"
"371","0","371","357.51"
"372","0","372","296.59"
"373","0","373","202.55"
"374","0","374","441.51"
"375","0","375","97.11"
"376","0","376","134.28"
"377","0","377","239.11"
"378","0","378","141.91"
"379","0","379","260.28"
"380","0","380","261.99"
"381","0","381","73.52"
"382","0","382","157.93"
"383","0","383","321.09"
"384","0","384","183.73"
"385","0","385","255.13"
"386","0","386","132.79"
"387","0","387","184.65"
"388","0","388","410.66"
"389","0","389","479.99"
"390","0","390","257.00"
"391","0","391","14.41"
"392","0","392","298.59"
"393","0","393","175.78"
"394","0","394","415.52"
"395","0","395","29.59"
"396","0","396","71.51"
"397","0","397","368.97"
"398","0","398","64.29"
"399","0","399","121.04"
"400","0","400","127.76"
"401","0","401","184.58"
"402","0","402","186.61"
"403","0","403","121.22"
"404","0","404","55.27"
"405","0","405","320.67"
"406","0","406","224.12"
"407","0","407","470.77"
"408","0","408","147.99"
"409","0","409","84.73"
"410","0","410","205.08"
"411","0","411","31.10"
"412","0","412","196.22"
"413","0","413","90.02"
"414","0","414","295.12"
"415","0","415","44.38"
"416","0","416","345.18"
"417","0","417","228.10"
"418","0","418","24.04"
"419","0","419","60.88"
"420","0","420","436.85"
"421","0","421","345.36"
"422","0","422","347.58"
"423","0","423","196.85"
"424","0","424","249.02"
"425","0","425","443.69"
"426","0","426","182.77"
"427","0","427","77.47"
"428","0","428","14.77"
"429","0","429","196.03"
"430","0","430","332.39"
"431","0","431","145.38"
"432","0","432","104.65"
"433","0","433","130.99"
"434","0","434","216.99"
"435","0","435","133.75"
"436","0","436","84.85"
"437","0","437","448.77"
"438","0","438","22.21"
"439","0","439","388.66"
"440","0","440","391.24"
"441","0","441","109.95"
"442","0","442","55.59"
"443","0","443","399.23"
"444","0","444","288.88"
"445","0","445","24.44"
"446","0","446","439.35"
"447","0","447","210.01"
"448","0","448","478.66"
"449","0","449","429.89"
"450","0","450","385.70"
"451","0","451","215.26"
"452","0","452","234.67"
"453","0","453","321.78"
"454","0","454","12.67"
"455","0","455","338.24"
"456","0","456","28.57"
"457","0","457","435.10"
"458","0","458","55.10"
"459","0","459","24.82"
"460","0","460","359.93"
"461","0","461","205.05"
"462","0","462","370.66"
"463","0","463","345.64"
"464","0","464","304.93"
"465","0","465","197.71"
"466","0","466","459.49"
"467","0","467","279.58"
"468","0","468","477.32"
"469","0","469","198.65"
"470","0","470","198.60"
"471","0","471","54.57"
"472","0","472","105.23"
"473","0","473","120.48"
"474","0","474","238.08"
"475","0","475","171.30"
"476","0","476","42.70"
"477","0","477","299.83"
"478","0","478","460.03"
"479","0","479","381.01"
"480","0","480","5.46"
"481","0","481","62.20"
"482","0","482","211.76"
"483","0","483","5.53"
"484","0","484","424.56"
"485","0","485","0.24"
"486","0","486","220.59"
"487","0","487","276.26"
"488","0","488","24.61"
"489","0","489","154.06"
"490","0","490","200.01"
"491","0","491","474.22"
"492","0","492","251.01"
"493","0","493","453.60"
"494","0","494","38.56"
"495","0","495","331.45"
"496","0","496","296.07"
"497","0","497","240.54"
"498","0","498","302.04"
"499","0","499","179.55"
"500","0","500","17.82"
"501","0","501","211.42"
"502","0","502","426.26"
"503","0","503","134.97"
"504","0","504","492.93"
"505","0","505","121.49"
"506","0","506","244.26"
"507","0","507","453.38"
"508","0","508","412.24"
"509","0","509","365.93"
"510","0","510","77.24"
"511","0","511","430.26"
"512","0","512","102.93"
"513","0","513","301.87"
"514","0","514","453.88"
"515","0","515","191.31"
"516","0","516","326.20"
"517","0","517","182.89"
"518","0","518","1.59"
"519","0","519","235.21"
"520","0","520","89.29"
"521","0","521","187.12"
"522","0","522","475.93"
"523","0","523","465.09"
"524","0","524","436.89"
"525","0","525","354.62"
"526","0","526","278.96"
"527","0","527","259.19"
"528","0","528","49.54"
"529","0","529","213.27"
"530","0","530","371.15"
"531","0","531","332.15"
"532","0","532","342.19"
"533","0","533","23.55"
"534","0","534","426.12"
"535","0","535","332.66"
"536","0","536","154.95"
"537","0","537","204.22"
"538","0","538","135.90"
"539","0","539","51.94"
"540","0","540","349.47"
"541","0","541","479.08"
"542","0","542","92.47"
"543","0","543","374.70"
"544","0","544","379.27"
"545","0","545","444.15"
"546","0","546","253.49"
"547","0","547","117.62"
"548","0","548","146.81"
"549","0","549","222.38"
"550","0","550","253.93"
"551","0","551","262.80"
"552","0","552","408.17"
"553","0","553","370.22"
"554","0","554","399.05"
"555","0","555","233.29"
"556","0","556","85.85"
"557","0","557","22.05"
"558","0","558","430.79"
"559","0","559","196.15"
"560","0","560","317.66"
"561","0","561","380.95"
"562","0","562","174.87"
"563","0","563","443.66"
"564","0","564","297.29"
"565","0","565","409.34"
"566","0","566","355.84"
"567","0","567","170.63"
"568","0","568","348.77"
"569","0","569","306.02"
"570","0","570","31.60"
"571","0","571","24.53"
"572","0","572","351.46"
"573","0","573","267.26"
"574","0","574","217.18"
"575","0","575","141.40"
"576","0","576","499.22"
"577","0","577","363.46"
"578","0","578","82.30"
"579","0","579","429.75"
"580","0","580","401.05"
"581","0","581","487.25"
"582","0","582","287.58"
"583","0","583","293.36"
"584","0","584","53.62"
"585","0","585","476.97"
"586","0","586","362.04"
"587","0","587","322.42"
"588","0","588","145.61"
"589","0","589","157.31"
"590","0","590","51.91"
"591","0","591","282.77"
"592","0","592","87.22"
"593","0","593","441.38"
"594","0","594","76.87"
"595","0","595","189.27"
"596","0","596","134.20"
"597","0","597","416.62"
"598","0","598","386.89"
"599","0","599","81.35"
"600","0","600","33.91"
"601","0","601","265.88"
"602","0","602","125.09"
"603","0","603","221.57"
"604","0","604","178.76"
"605","0","605","406.96"
"606","0","606","31.90"
"607","0","607","258.46"
"608","0","608","304.48"
"609","0","609","364.24"
"610","0","610","89.55"
"611","0","611","257.62"
"612","0","612","182.78"
"613","0","613","71.60"
"614","0","614","34.51"
"615","0","615","136.81"
"616","0","616","283.54"
"617","0","617","165.65"
"618","0","618","474.38"
"619","0","619","153.77"
"620","0","620","24.49"
"621","0","621","496.33"
"622","0","622","319.39"
"623","0","623","403.80"
"624","0","624","279.28"
"625","0","625","230.02"
"626","0","626","282.97"
"627","0","627","5.84"
"628","0","628","386.15"
"629","0","629","401.31"
"630","0","630","276.69"
"631","0","631","82.92"
"632","0","632","154.80"
"633","0","633","333.56"
"634","0","634","35.08"
"635","0","635","378.43"
"636","0","636","196.17"
"637","0","637","193.87"
"638","0","638","182.13"
"639","0","639","65.54"
"640","0","640","306.16"
"641","0","641","238.89"
"642","0","642","340.39"
"643","0","643","194.54"
"644","0","644","186.58"
"645","0","645","28.14"
"646","0","646","74.86"
"647","0","647","79.95"
"648","0","648","349.99"
"649","0","649","197.63"
"650","0","650","245.03"
"651","0","651","212.94"
"652","0","652","22.14"
"653","0","653","454.08"
"654","0","654","322.81"
"655","0","655","95.87"
"656","0","656","478.64"
"657","0","657","495.33"
"658","0","658","114.49"
"659","0","659","498.57"
"660","0","660","235.65"
"661","0","661","437.75"
"662","0","662","180.36"
"663","0","663","195.68"
"664","0","664","24.72"
"665","0","665","262.16"
"666","0","666","295.77"
"667","0","667","469.02"
"668","0","668","22.36"
"669","0","669","473.02"
"670","0","670","458.62"
"671","0","671","142.78"
"672","0","672","250.73"
"673","0","673","376.57"
"674","0","674","126.16"
"675","0","675","66.18"
"676","0","676","492.22"
"677","0","677","357.39"
"678","0","678","200.39"
"679","0","679","158.75"
"680","0","680","90.75"
"681","0","681","367.51"
"682","0","682","471.77"
"683","0","683","160.43"
"684","0","684","171.72"
"685","0","685","338.03"
"686","0","686","490.43"
"687","0","687","249.22"
"688","0","688","126.37"
"689","0","689","410.70"
"690","0","690","192.25"
"691","0","691","110.02"
"692","0","692","472.92"
"693","0","693","85.02"
"694","0","694","307.84"
"695","0","695","377.30"
"696","0","696","346.02"
"697","0","697","341.80"
"698","0","698","378.24"
"699","0","699","292.09"
"700","0","700","18.80"
"701","0","701","358.59"
"702","0","702","8.88"
"703","0","703","6.39"
"704","0","704","448.96"
"705","0","705","153.54"
"706","0","706","467.73"
"707","0","707","448.25"
"708","0","708","73.02"
"709","0","709","334.69"
"710","0","710","81.16"
"711","0","711","6.56"
"712","0","712","126.52"
"713","0","713","305.46"
"714","0","714","87.85"
"715","0","715","356.36"
"716","0","716","9.56"
"717","0","717","357.06"
"718","0","718","0.43"
"719","0","719","146.96"
"720","0","720","159.54"
"721","0","721","75.31"
"722","0","722","360.30"
"723","0","723","61.60"
"724","0","724","215.05"
"725","0","725","141.40"
"726","0","726","11.38"
"727","0","727","146.67"
"728","0","728","297.41"
"729","0","729","435.99"
"730","0","730","96.85"
"731","0","731","497.87"
"732","0","732","277.06"
"733","0","733","409.53"
"734","0","734","485.63"
"735","0","735","355.59"
"736","0","736","191.18"
"737","0","737","234.56"
"738","0","738","63.31"
"739","0","739","269.54"
"740","0","740","202.52"
"741","0","741","390.30"
"742","0","742","264.82"
"743","0","743","88.87"
"744","0","744","243.33"
"745","0","745","285.68"
"746","0","746","149.41"
"747","0","747","489.05"
"748","0","748","253.43"
"749","0","749","404.57"
"750","0","750","228.71"
"751","0","751","442.29"
"752","0","752","197.77"
"753","0","753","55.16"
"754","0","754","352.31"
"755","0","755","446.85"
"756","0","756","141.37"
"757","0","757","63.48"
"758","0","758","277.26"
"759","0","759","176.73"
"760","0","760","159.25"
"761","0","761","217.78"
"762","0","762","51.42"
"763","0","763","343.58"
"764","0","764","174.88"
"765","0","765","12.82"
"766","0","766","182.52"
"767","0","767","127.90"
"768","0","768","406.70"
"769","0","769","192.57"
"770","0","770","452.81"
"771","0","771","479.50"
"772","0","772","442.00"
"773","0","773","216.82"
"774","0","774","369.49"
"775","0","775","429.08"
"776","0","776","411.63"
"777","0","777","405.29"
"778","0","778","322.44"
"779","0","779","437.65"
"780","0","780","319.11"
"781","0","781","2.13"
"782","0","782","90.54"
"783","0","783","243.74"
"784","0","784","264.27"
"785","0","785","257.80"
"786","0","786","408.55"
"787","0","787","312.61"
"788","0","788","396.21"
"789","0","789","434.23"
"790","0","790","186.00"
"791","0","791","490.03"
"792","0","792","273.12"
"793","0","793","399.17"
"794","0","794","478.45"
"795","0","795","179.66"
"796","0","796","189.57"
"797","0","797","265.73"
"798","0","798","9.41"
"799","0","799","78.60"
"800","0","800","326.92"
"801","0","801","295.24"
"802","0","802","192.41"
"803","0","803","86.30"
"804","0","804","153.45"
"805","0","805","292.07"
"806","0","806","64.45"
"807","0","807","319.09"
"808","0","808","99.28"
"809","0","809","171.68"
"810","0","810","116.10"
"811","0","811","331.73"
"812","0","812","2.94"
"813","0","813","316.34"
"814","0","814","282.80"
"815","0","815","351.43"
"816","0","816","223.06"
"817","0","817","407.11"
"818","0","818","181.01"
"819","0","819","2.05"
"820","0","820","126.34"
"821","0","821","196.46"
"822","0","822","14.29"
"823","0","823","76.20"
"824","0","824","32.60"
"825","0","825","411.21"
"826","0","826","481.03"
"827","0","827","3.36"
"828","0","828","500.48"
"829","0","829","277.62"
"830","0","830","140.60"
"831","0","831","305.71"
"832","0","832","115.86"
"833","0","833","213.48"
"834","0","834","2.90"
"835","0","835","370.67"
"836","0","836","279.27"
"837","0","837","433.71"
"838","0","838","209.13"
"839","0","839","267.00"
"840","0","840","433.41"
"841","0","841","474.06"
"842","0","842","43.27"
"843","0","843","343.75"
"844","0","844","201.85"
"845","0","845","113.83"
"846","0","846","63.51"
"847","0","847","66.83"
"848","0","848","375.22"
"849","0","849","245.35"
"850","0","850","193.58"
"851","0","851","425.91"
"852","0","852","141.81"
"853","0","853","471.57"
"854","0","854","320.89"
"855","0","855","331.16"
"856","0","856","0.14"
"857","0","857","271.97"
"858","0","858","43.67"
"859","0","859","189.73"
"860","0","860","348.46"
"861","0","861","267.04"
"862","0","862","43.40"
"863","0","863","472.07"
"864","0","864","374.42"
"865","0","865","365.52"
"866","0","866","336.30"
"867","0","867","472.72"
"868","0","868","182.14"
"869","0","869","318.62"
"870","0","870","357.21"
"871","0","871","118.29"
"872","0","872","320.70"
"873","0","873","356.94"
"874","0","874","351.83"
"875","0","875","365.86"
"876","0","876","143.00"
"877","0","877","327.41"
"878","0","878","108.11"
"879","0","879","44.20"
"880","0","880","262.63"
"881","0","881","2.25"
"882","0","882","375.76"
"883","0","883","359.50"
"884","0","884","209.30"
"885","0","885","142.13"
"886","0","886","171.57"
"887","0","887","27.18"
"888","0","888","355.54"
"889","0","889","14.18"
"890","0","890","370.16"
"891","0","891","145.84"
"892","0","892","437.10"
"893","0","893","163.38"
"894","0","894","39.89"
"895","0","895","269.80"
"896","0","896","425.12"
"897","0","897","50.91"
"898","0","898","446.11"
"899","0","899","219.07"
"900","0","900","93.59"
"901","0","901","55.05"
"902","0","902","415.56"
"903","0","903","336.28"
"904","0","904","103.73"
"905","0","905","15.42"
"906","0","906","390.85"
"907","0","907","141.11"
"908","0","908","409.74"
"909","0","909","299.33"
"910","0","910","11.02"
"911","0","911","173.00"
"912","0","912","324.20"
"913","0","913","449.29"
"914","0","914","43.86"
"915","0","915","288.41"
"916","0","916","480.16"
"917","0","917","251.37"
"918","0","918","386.54"
"919","0","919","383.90"
"920","0","920","261.11"
"921","0","921","311.78"
"922","0","922","476.26"
"923","0","923","25.65"
"924","0","924","373.96"
"925","0","925","0.26"
"926","0","926","185.58"
"927","0","927","290.32"
"928","0","928","84.55"
"929","0","929","447.81"
"930","0","930","18.21"
"931","0","931","89.94"
"932","0","932","401.57"
"933","0","933","46.36"
"934","0","934","382.70"
"935","0","935","62.82"
"936","0","936","117.64"
"937","0","937","66.43"
"938","0","938","143.45"
"939","0","939","44.97"
"940","0","940","106.38"
"941","0","941","187.08"
"942","0","942","498.86"
"943","0","943","327.25"
"944","0","944","71.64"
"945","0","945","471.21"
"946","0","946","260.95"
"947","0","947","95.41"
"948","0","948","234.27"
"949","0","949","315.71"
"950","0","950","421.18"
"951","0","951","18.02"
"952","0","952","269.99"
"953","0","953","33.84"
"954","0","954","96.95"
"955","0","955","31.94"
"956","0","956","86.45"
"957","0","957","117.14"
"958","0","958","56.73"
"959","0","959","281.96"
"960","0","960","180.36"
"961","0","961","101.05"
"962","0","962","55.02"
"963","0","963","29.00"
"964","0","964","15.56"
"965","0","965","400.11"
"966","0","966","15.55"
"967","0","967","18.56"
"968","0","968","385.41"
"969","0","969","367.47"
"970","0","970","270.28"
"971","0","971","367.26"
"972","0","972","493.91"
"973","0","973","389.42"
"974","0","974","243.82"
"975","0","975","367.90"
"976","0","976","140.73"
"977","0","977","384.29"
"978","0","978","484.44"
"979","0","979","335.12"
"980","0","980","225.64"
"981","0","981","250.73"
"982","0","982","444.43"
"983","0","983","480.31"
"984","0","984","434.37"
"985","0","985","177.43"
"986","0","986","53.96"
"987","0","987","146.34"
"988","0","988","114.11"
"989","0","989","190.11"
"990","0","990","315.04"
"991","0","991","26.35"
"992","0","992","39.45"
"993","0","993","21.32"
"994","0","994","97.40"
"995","0","995","402.83"
"996","0","996","263.70"
"997","0","997","111.53"
"998","0","998","469.02"
"999","0","999","51.19"
"1000","0","1000","87.66"
"1001","0","1001","140.32"
"1002","0","1002","72.41"
"1003","0","1003","158.81"
"1004","0","1004","151.03"
"1005","0","1005","9.19"
"1006","0","1006","299.62"
"1007","0","1007","495.33"
"1008","0","1008","78.50"
"1009","0","1009","384.53"
"1010","0","1010","332.09"
"1011","0","1011","35.34"
"1012","0","1012","227.86"
"1013","0","1013","342.63"
"1014","0","1014","1.19"
"1015","0","1015","0.03"
"1016","0","1016","143.47"
"1017","0","1017","279.71"
"1018","0","1018","160.31"
"1019","0","1019","62.56"
"1020","0","1020","265.38"
"1021","0","1021","160.27"
"1022","0","1022","308.33"
"1023","0","1023","385.18"
"1024","0","1024","183.37"
"1025","0","1025","63.41"
"1026","0","1026","495.04"
"1027","0","1027","81.68"
"1028","0","1028","272.39"
"1029","0","1029","195.41"
"1030","0","1030","429.90"
"1031","0","1031","265.20"
"1032","0","1032","78.27"
"1033","0","1033","299.14"
"1034","0","1034","388.67"
"1035","0","1035","65.79"
"1036","0","1036","279.92"
"1037","0","1037","151.56"
"1038","0","1038","499.13"
"1039","0","1039","209.09"
"1040","0","1040","407.89"
"1041","0","1041","186.52"
"1042","0","1042","124.90"
"1043","0","1043","247.72"
"1044","0","1044","349.04"
"1045","0","1045","169.81"
"1046","0","1046","449.88"
"1047","0","1047","448.34"
"1048","0","1048","222.77"
"1049","0","1049","493.84"
"1050","0","1050","217.03"
"1051","0","1051","74.75"
"1052","0","1052","177.50"
"1053","0","1053","191.35"
"1054","0","1054","411.23"
"1055","0","1055","154.06"
"1056","0","1056","263.61"
"1057","0","1057","254.51"
"1058","0","1058","246.60"
"1059","0","1059","352.47"
"1060","0","1060","425.46"
"1061","0","1061","28.86"
"1062","0","1062","149.96"
"1063","0","1063","227.10"
"1064","0","1064","54.51"
"1065","0","1065","156.45"
"1066","0","1066","226.15"
"1067","0","1067","204.54"
"1068","0","1068","24.28"
"1069","0","1069","125.30"
"1070","0","1070","188.85"
"1071","0","1071","83.81"
"1072","0","1072","178.75"
"1073","0","1073","301.97"
"1074","0","1074","9.77"
"1075","0","1075","72.14"
"1076","0","1076","254.56"
"1077","0","1077","427.87"
"1078","0","1078","52.14"
"1079","0","1079","281.19"
"1080","0","1080","80.29"
"1081","0","1081","382.64"
"1082","0","1082","214.21"
"1083","0","1083","170.85"
"1084","0","1084","266.58"
"1085","0","1085","276.59"
"1086","0","1086","178.17"
"1087","0","1087","17.53"
"1088","0","1088","322.61"
"1089","0","1089","224.06"
"1090","0","1090","420.21"
"1091","0","1091","212.63"
"1092","0","1092","173.03"
"1093","0","1093","442.28"
"1094","0","1094","132.86"
"1095","0","1095","316.33"
"1096","0","1096","288.85"
"1097","0","1097","118.33"
"1098","0","1098","46.79"
"1099","0","1099","139.86"
"1100","0","1100","83.66"
"1101","0","1101","130.29"
"1102","0","1102","187.79"
"1103","0","1103","79.00"
"1104","0","1104","470.26"
"1105","0","1105","466.62"
"1106","0","1106","369.08"
"1107","0","1107","476.39"
"1108","0","1108","247.55"
"1109","0","1109","312.27"
"1110","0","1110","163.87"
"1111","0","1111","342.74"
"1112","0","1112","169.93"
"1113","0","1113","139.07"
"1114","0","1114","390.78"
"1115","0","1115","174.54"
"1116","0","1116","480.24"
"1117","0","1117","349.92"
"1118","0","1118","477.17"
"1119","0","1119","183.34"
"1120","0","1120","150.91"
"1121","0","1121","40.82"
"1122","0","1122","8.63"
"1123","0","1123","254.62"
"1124","0","1124","88.79"
"1125","0","1125","317.22"
"1126","0","1126","189.68"
"1127","0","1127","59.99"
"1128","0","1128","110.92"
"1129","0","1129","140.16"
"1130","0","1130","390.62"
"1131","0","1131","430.47"
"1132","0","1132","41.85"
"1133","0","1133","350.40"
"1134","0","1134","323.88"
"1135","0","1135","10.07"
"1136","0","1136","422.05"
"1137","0","1137","391.30"
"1138","0","1138","203.59"
"1139","0","1139","451.97"
"1140","0","1140","328.60"
"1141","0","1141","125.03"
"1142","0","1142","167.33"
"1143","0","1143","428.97"
"1144","0","1144","230.40"
"1145","0","1145","122.67"
"1146","0","1146","92.45"
"1147","0","1147","368.16"
"1148","0","1148","116.60"
"1149","0","1149","335.58"
"1150","0","1150","380.38"
"1151","0","1151","289.01"
"1152","0","1152","276.06"
"1153","0","1153","197.02"
"1154","0","1154","93.27"
"1155","0","1155","372.20"
"1156","0","1156","326.75"
"1157","0","1157","351.45"
"1158","0","1158","320.28"
"1159","0","1159","27.37"
"1160","0","1160","82.78"
"1161","0","1161","309.14"
"1162","0","1162","46.87"
"1163","0","1163","102.66"
"1164","0","1164","350.30"
"1165","0","1165","359.42"
"1166","0","1166","381.98"
"1167","0","1167","422.63"
"1168","0","1168","163.47"
"1169","0","1169","40.65"
"1170","0","1170","94.81"
"1171","0","1171","342.46"
"1172","0","1172","350.71"
"1173","0","1173","40.27"
"1174","0","1174","166.17"
"1175","0","1175","18.51"
"1176","0","1176","286.86"
"1177","0","1177","399.03"
"1178","0","1178","63.09"
"1179","0","1179","96.75"
"1180","0","1180","61.89"
"1181","0","1181","83.17"
"1182","0","1182","109.44"
"1183","0","1183","375.10"
"1184","0","1184","67.04"
"1185","0","1185","482.94"
"1186","0","1186","138.30"
"1187","0","1187","138.28"
"1188","0","1188","462.61"
"1189","0","1189","184.87"
"1190","0","1190","421.53"
"1191","0","1191","415.32"
"1192","0","1192","411.61"
"1193","0","1193","61.62"
"1194","0","1194","417.93"
"1195","0","1195","212.19"
"1196","0","1196","196.79"
"1197","0","1197","106.93"
"1198","0","1198","3.34"
"1199","0","1199","311.45"
"1200","0","1200","83.54"
"1201","0","1201","41.72"
"1202","0","1202","253.40"
"1203","0","1203","216.47"
"1204","0","1204","394.84"
"1205","0","1205","225.45"
"1206","0","1206","336.93"
"1207","0","1207","419.98"
"1208","0","1208","346.14"
"1209","0","1209","383.51"
"1210","0","1210","224.96"
"1211","0","1211","249.96"
"1212","0","1212","396.59"
"1213","0","1213","105.54"
"1214","0","1214","209.29"
"1215","0","1215","155.27"
"1216","0","1216","287.02"
"1217","0","1217","194.26"
"1218","0","1218","193.22"
"1219","0","1219","13.81"
"1220","0","1220","459.54"
"1221","0","1221","402.39"
"1222","0","1222","273.76"
"1223","0","1223","362.84"
"1224","0","1224","288.93"
"1225","0","1225","459.87"
"1226","0","1226","257.29"
"1227","0","1227","120.77"
"1228","0","1228","131.68"
"1229","0","1229","292.66"
"1230","0","1230","187.56"
"1231","0","1231","252.57"
"1232","0","1232","294.94"
"1233","0","1233","321.12"
"1234","0","1234","72.07"
"1235","0","1235","192.63"
"1236","0","1236","185.07"
"1237","0","1237","432.83"
"1238","0","1238","231.40"
"1239","0","1239","86.53"
"1240","0","1240","86.69"
"1241","0","1241","122.70"
"1242","0","1242","382.99"
"1243","0","1243","297.03"
"1244","0","1244","130.00"
"1245","0","1245","349.49"
"1246","0","1246","252.92"
"1247","0","1247","463.44"
"1248","0","1248","129.89"
"1249","0","1249","334.61"
"1250","0","1250","390.21"
"1251","0","1251","198.58"
"1252","0","1252","486.67"
"1253","0","1253","58.19"
"1254","0","1254","200.04"
"1255","0","1255","443.57"
"1256","0","1256","210.66"
"1257","0","1257","500.98"
"1258","0","1258","249.43"
"1259","0","1259","269.43"
"1260","0","1260","288.27"
"1261","0","1261","246.25"
"1262","0","1262","315.47"
"1263","0","1263","479.03"
"1264","0","1264","277.79"
"1265","0","1265","116.13"
"1266","0","1266","134.86"
"1267","0","1267","411.16"
"1268","0","1268","425.65"
"1269","0","1269","75.78"
"1270","0","1270","1.08"
"1271","0","1271","117.15"
"1272","0","1272","236.69"
"1273","0","1273","421.51"
"1274","0","1274","441.36"
"1275","0","1275","366.47"
"1276","0","1276","18.02"
"1277","0","1277","437.68"
"1278","0","1278","368.79"
"1279","0","1279","55.48"
"1280","0","1280","364.73"
"1281","0","1281","48.86"
"1282","0","1282","56.36"
"1283","0","1283","95.17"
"1284","0","1284","264.00"
"1285","0","1285","267.26"
"1286","0","1286","153.86"
"1287","0","1287","392.60"
"1288","0","1288","282.47"
"1289","0","1289","96.42"
"1290","0","1290","201.51"
"1291","0","1291","39.00"
"1292","0","1292","477.23"
"1293","0","1293","131.39"
"1294","0","1294","55.01"
"1295","0","1295","134.59"
"1296","0","1296","48.86"
"1297","0","1297","185.16"
"1298","0","1298","7.77"
"1299","0","1299","127.38"
"1300","0","1300","112.71"
"1301","0","1301","250.74"
"1302","0","1302","95.05"
"1303","0","1303","224.12"
"1304","0","1304","358.64"
"1305","0","1305","318.60"
"1306","0","1306","27.63"
"1307","0","1307","487.83"
"1308","0","1308","264.61"
"1309","0","1309","481.99"
"1310","0","1310","200.89"
"1311","0","1311","138.67"
"1312","0","1312","3.33"
"1313","0","1313","261.69"
"1314","0","1314","126.63"
"1315","0","1315","162.95"
"1316","0","1316","290.51"
"1317","0","1317","491.24"
"1318","0","1318","79.69"
"1319","0","1319","38.55"
"1320","0","1320","307.79"
"1321","0","1321","114.96"
"1322","0","1322","97.43"
"1323","0","1323","205.30"
"1324","0","1324","114.66"
"1325","0","1325","433.47"
"1326","0","1326","457.29"
"1327","0","1327","261.17"
"1328","0","1328","497.65"
"1329","0","1329","388.13"
"1330","0","1330","436.55"
"1331","0","1331","414.88"
"1332","0","1332","383.58"
"1333","0","1333","125.76"
"1334","0","1334","359.24"
"1335","0","1335","431.58"
"1336","0","1336","103.64"
"1337","0","1337","285.85"
"1338","0","1338","364.06"
"1339","0","1339","270.81"
"1340","0","1340","339.38"
"1341","0","1341","53.93"
"1342","0","1342","364.11"
"1343","0","1343","446.42"
"1344","0","1344","335.20"
"1345","0","1345","469.78"
"1346","0","1346","311.41"
"1347","0","1347","340.52"
"1348","0","1348","422.45"
"1349","0","1349","211.33"
"1350","0","1350","73.06"
"1351","0","1351","161.22"
"1352","0","1352","37.49"
"1353","0","1353","410.02"
"1354","0","1354","205.24"
"1355","0","1355","102.72"
"1356","0","1356","500.60"
"1357","0","1357","45.14"
"1358","0","1358","229.41"
"1359","0","1359","12.18"
"1360","0","1360","73.41"
"1361","0","1361","367.76"
"1362","0","1362","28.29"
"1363","0","1363","56.82"
"1364","0","1364","334.63"
"1365","0","1365","431.01"
"1366","0","1366","260.03"
"1367","0","1367","327.53"
"1368","0","1368","13.54"
"1369","0","1369","63.51"
"1370","0","1370","77.72"
"1371","0","1371","97.94"
"1372","0","1372","56.41"
"1373","0","1373","232.94"
"1374","0","1374","325.92"
"1375","0","1375","453.76"
"1376","0","1376","371.28"
"1377","0","1377","307.41"
"1378","0","1378","226.77"
"1379","0","1379","175.86"
"1380","0","1380","96.08"
"1381","0","1381","475.18"
"1382","0","1382","424.30"
"1383","0","1383","237.75"
"1384","0","1384","50.02"
"1385","0","1385","253.14"
"1386","0","1386","80.21"
"1387","0","1387","342.64"
"1388","0","1388","96.51"
"1389","0","1389","472.43"
"1390","0","1390","222.26"
"1391","0","1391","23.14"
"1392","0","1392","291.44"
"1393","0","1393","349.96"
"1394","0","1394","107.00"
"1395","0","1395","329.54"
"1396","0","1396","391.48"
"1397","0","1397","409.42"
"1398","0","1398","242.07"
"1399","0","1399","358.91"
"1400","0","1400","428.09"
"1401","0","1401","234.11"
"1402","0","1402","371.65"
"1403","0","1403","322.65"
"1404","0","1404","247.89"
"1405","0","1405","481.84"
"1406","0","1406","155.38"
"1407","0","1407","380.09"
"1408","0","1408","249.83"
"1409","0","1409","317.58"
"1410","0","1410","48.25"
"1411","0","1411","1.41"
"1412","0","1412","150.62"
"1413","0","1413","204.54"
"1414","0","1414","209.47"
"1415","0","1415","340.05"
"1416","0","1416","321.89"
"1417","0","1417","41.80"
"1418","0","1418","237.95"
"1419","0","1419","198.01"
"1420","0","1420","215.33"
"1421","0","1421","347.17"
"1422","0","1422","85.49"
"1423","0","1423","127.46"
"1424","0","1424","275.62"
"1425","0","1425","265.70"
"1426","0","1426","284.26"
"1427","0","1427","260.49"
"1428","0","1428","421.57"
"1429","0","1429","482.03"
"1430","0","1430","397.03"
"1431","0","1431","379.52"
"1432","0","1432","487.36"
"1433","0","1433","230.36"
"1434","0","1434","195.08"
"1435","0","1435","188.39"
"1436","0","1436","100.98"
"1437","0","1437","352.98"
"1438","0","1438","30.81"
"1439","0","1439","125.13"
"1440","0","1440","426.80"
"1441","0","1441","368.99"
"1442","0","1442","349.04"
"1443","0","1443","465.76"
"1444","0","1444","211.57"
"1445","0","1445","276.06"
"1446","0","1446","137.72"
"1447","0","1447","10.58"
"1448","0","1448","5.03"
"1449","0","1449","445.39"
"1450","0","1450","472.39"
"1451","0","1451","284.19"
"1452","0","1452","423.15"
"1453","0","1453","407.11"
"1454","0","1454","391.02"
"1455","0","1455","440.66"
"1456","0","1456","253.18"
"1457","0","1457","300.49"
"1458","0","1458","129.78"
"1459","0","1459","343.34"
"1460","0","1460","142.82"
"1461","0","1461","390.65"
"1462","0","1462","435.68"
"1463","0","1463","121.07"
"1464","0","1464","152.13"
"1465","0","1465","413.94"
"1466","0","1466","351.84"
"1467","0","1467","459.51"
"1468","0","1468","285.01"
"1469","0","1469","11.31"
"1470","0","1470","279.91"
"1471","0","1471","81.05"
"1472","0","1472","371.41"
"1473","0","1473","356.64"
"1474","0","1474","270.83"
"1475","0","1475","120.68"
"1476","0","1476","215.25"
"1477","0","1477","365.60"
"1478","0","1478","363.92"
"1479","0","1479","32.08"
"1480","0","1480","333.03"
"1481","0","1481","464.16"
"1482","0","1482","288.91"
"1483","0","1483","309.35"
"1484","0","1484","106.54"
"1485","0","1485","156.40"
"1486","0","1486","169.27"
"1487","0","1487","129.42"
"1488","0","1488","112.14"
"1489","0","1489","97.82"
"1490","0","1490","259.46"
"1491","0","1491","141.30"
"1492","0","1492","251.72"
"1493","0","1493","209.06"
"1494","0","1494","245.91"
"1495","0","1495","202.98"
"1496","0","1496","361.45"
"1497","0","1497","24.66"
"1498","0","1498","181.01"
"1499","0","1499","281.11"
"1500","0","1500","271.46"
"1501","0","1501","417.65"
"1502","0","1502","107.57"
"1503","0","1503","213.41"
"1504","0","1504","283.69"
"1505","0","1505","380.63"
"1506","0","1506","320.35"
"1507","0","1507","332.74"
"1508","0","1508","253.84"
"1509","0","1509","40.38"
"1510","0","1510","335.02"
"1511","0","1511","94.07"
"1512","0","1512","155.34"
"1513","0","1513","444.60"
"1514","0","1514","1.27"
"1515","0","1515","425.15"
"1516","0","1516","171.16"
"1517","0","1517","199.79"
"1518","0","1518","465.08"
"1519","0","1519","63.30"
"1520","0","1520","499.02"
"1521","0","1521","369.27"
"1522","0","1522","70.61"
"1523","0","1523","154.60"
"1524","0","1524","385.74"
"1525","0","1525","326.76"
"1526","0","1526","412.39"
"1527","0","1527","415.29"
"1528","0","1528","140.19"
"1529","0","1529","246.62"
"1530","0","1530","444.98"
"1531","0","1531","276.30"
"1532","0","1532","296.29"
"1533","0","1533","48.67"
"1534","0","1534","405.57"
"1535","0","1535","442.33"
"1536","0","1536","404.29"
"1537","0","1537","72.45"
"1538","0","1538","215.63"
"1539","0","1539","239.84"
"1540","0","1540","106.81"
"1541","0","1541","149.81"
"1542","0","1542","94.68"
"1543","0","1543","205.77"
"1544","0","1544","263.52"
"1545","0","1545","254.00"
"1546","0","1546","224.23"
"1547","0","1547","172.04"
"1548","0","1548","241.79"
"1549","0","1549","222.07"
"1550","0","1550","460.73"
"1551","0","1551","192.01"
"1552","0","1552","140.78"
"1553","0","1553","11.35"
"1554","0","1554","464.76"
"1555","0","1555","39.70"
"1556","0","1556","334.29"
"1557","0","1557","313.53"
"1558","0","1558","405.53"
"1559","0","1559","207.70"
"1560","0","1560","368.81"
"1561","0","1561","418.87"
"1562","0","1562","500.07"
"1563","0","1563","445.20"
"1564","0","1564","371.72"
"1565","0","1565","84.77"
"1566","0","1566","419.24"
"1567","0","1567","411.92"
"1568","0","1568","485.81"
"1569","0","1569","455.17"
"1570","0","1570","424.85"
"1571","0","1571","49.69"
"1572","0","1572","345.63"
"1573","0","1573","340.19"
"1574","0","1574","478.32"
"1575","0","1575","223.06"
"1576","0","1576","155.80"
"1577","0","1577","324.83"
"1578","0","1578","306.15"
"1579","0","1579","183.99"
"1580","0","1580","17.46"
"1581","0","1581","176.32"
"1582","0","1582","369.26"
"1583","0","1583","206.11"
"1584","0","1584","463.54"
"1585","0","1585","98.26"
"1586","0","1586","10.80"
"1587","0","1587","476.47"
"1588","0","1588","14.03"
"1589","0","1589","218.69"
"1590","0","1590","123.23"
"1591","0","1591","181.53"
"1592","0","1592","74.36"
"1593","0","1593","336.41"
"1594","0","1594","344.24"
"1595","0","1595","421.12"
"1596","0","1596","97.74"
"1597","0","1597","493.02"
"1598","0","1598","63.89"
"1599","0","1599","267.34"
"1600","0","1600","34.35"
"1601","0","1601","396.21"
"1602","0","1602","207.61"
"1603","0","1603","444.57"
"1604","0","1604","415.26"
"1605","0","1605","356.60"
"1606","0","1606","375.90"
"1607","0","1607","127.76"
"1608","0","1608","115.77"
"1609","0","1609","86.77"
"1610","0","1610","326.48"
"1611","0","1611","42.79"
"1612","0","1612","202.15"
"1613","0","1613","459.20"
"1614","0","1614","2.76"
"1615","0","1615","448.01"
"1616","0","1616","194.31"
"1617","0","1617","364.08"
"1618","0","1618","10.60"
"1619","0","1619","41.55"
"1620","0","1620","285.70"
"1621","0","1621","489.24"
"1622","0","1622","480.40"
"1623","0","1623","263.06"
"1624","0","1624","408.55"
"1625","0","1625","420.39"
"1626","0","1626","433.79"
"1627","0","1627","359.07"
"1628","0","1628","453.25"
"1629","0","1629","32.99"
"1630","0","1630","483.76"
"1631","0","1631","35.86"
"1632","0","1632","196.50"
"1633","0","1633","406.44"
"1634","0","1634","137.24"
"1635","0","1635","162.03"
"1636","0","1636","373.33"
"1637","0","1637","310.55"
"1638","0","1638","228.17"
"1639","0","1639","172.62"
"1640","0","1640","98.02"
"1641","0","1641","391.43"
"1642","0","1642","407.13"
"1643","0","1643","297.96"
"1644","0","1644","359.80"
"1645","0","1645","392.64"
"1646","0","1646","202.27"
"1647","0","1647","108.38"
"1648","0","1648","222.30"
"1649","0","1649","488.35"
"1650","0","1650","142.97"
"1651","0","1651","441.49"
"1652","0","1652","495.37"
"1653","0","1653","192.97"
"1654","0","1654","430.71"
"1655","0","1655","13.39"
"1656","0","1656","452.24"
"1657","0","1657","276.68"
"1658","0","1658","493.80"
"1659","0","1659","69.53"
"1660","0","1660","403.90"
"1661","0","1661","89.97"
"1662","0","1662","408.82"
"1663","0","1663","19.39"
"1664","0","1664","142.58"
"1665","0","1665","358.24"
"1666","0","1666","185.72"
"1667","0","1667","243.13"
"1668","0","1668","209.52"
"1669","0","1669","27.95"
"1670","0","1670","219.65"
"1671","0","1671","308.10"
"1672","0","1672","496.16"
"1673","0","1673","297.47"
"1674","0","1674","141.99"
"1675","0","1675","318.42"
"1676","0","1676","56.66"
"1677","0","1677","428.78"
"1678","0","1678","393.65"
"1679","0","1679","341.80"
"1680","0","1680","472.61"
"1681","0","1681","448.81"
"1682","0","1682","453.12"
"1683","0","1683","120.74"
"1684","0","1684","435.82"
"1685","0","1685","208.71"
"1686","0","1686","422.23"
"1687","0","1687","221.26"
"1688","0","1688","175.93"
"1689","0","1689","11.36"
"1690","0","1690","165.13"
"1691","0","1691","141.62"
"1692","0","1692","81.32"
"1693","0","1693","290.92"
"1694","0","1694","36.38"
"1695","0","1695","402.90"
"1696","0","1696","444.86"
"1697","0","1697","268.85"
"1698","0","1698","63.78"
"1699","0","1699","97.01"
"1700","0","1700","147.89"
"1701","0","1701","331.47"
"1702","0","1702","473.95"
"1703","0","1703","97.72"
"1704","0","1704","345.23"
"1705","0","1705","341.37"
"1706","0","1706","23.32"
"1707","0","1707","104.85"
"1708","0","1708","180.00"
"1709","0","1709","79.16"
"1710","0","1710","19.72"
"1711","0","1711","264.79"
"1712","0","1712","437.38"
"1713","0","1713","150.25"
"1714","0","1714","337.22"
"1715","0","1715","229.33"
"1716","0","1716","363.47"
"1717","0","1717","247.75"
"1718","0","1718","165.39"
"1719","0","1719","231.41"
"1720","0","1720","111.78"
"1721","0","1721","83.42"
"1722","0","1722","21.68"
"1723","0","1723","338.52"
"1724","0","1724","267.44"
"1725","0","1725","236.56"
"1726","0","1726","369.02"
"1727","0","1727","359.91"
"1728","0","1728","291.44"
"1729","0","1729","45.94"
"1730","0","1730","386.63"
"1731","0","1731","65.36"
"1732","0","1732","499.17"
"1733","0","1733","298.47"
"1734","0","1734","5.79"
"1735","0","1735","202.65"
"1736","0","1736","69.12"
"1737","0","1737","154.08"
"1738","0","1738","469.46"
"1739","0","1739","15.16"
"1740","0","1740","278.54"
"1741","0","1741","154.16"
"1742","0","1742","433.78"
"1743","0","1743","304.92"
"1744","0","1744","217.11"
"1745","0","1745","17.46"
"1746","0","1746","125.85"
"1747","0","1747","239.43"
"1748","0","1748","147.69"
"1749","0","1749","258.76"
"1750","0","1750","491.43"
"1751","0","1751","299.65"
"1752","0","1752","219.28"
"1753","0","1753","277.99"
"1754","0","1754","206.12"
"1755","0","1755","10.27"
"1756","0","1756","94.87"
"1757","0","1757","91.73"
"1758","0","1758","433.52"
"1759","0","1759","289.98"
"1760","0","1760","231.00"
"1761","0","1761","458.87"
"1762","0","1762","116.16"
"1763","0","1763","161.94"
"1764","0","1764","302.88"
"1765","0","1765","114.40"
"1766","0","1766","395.76"
"1767","0","1767","483.42"
"1768","0","1768","75.00"
"1769","0","1769","342.71"
"1770","0","1770","365.33"
"1771","0","1771","426.62"
"1772","0","1772","41.52"
"1773","0","1773","48.77"
"1774","0","1774","333.47"
"1775","0","1775","30.64"
"1776","0","1776","58.42"
"1777","0","1777","321.33"
"1778","0","1778","125.66"
"1779","0","1779","184.06"
"1780","0","1780","274.22"
"1781","0","1781","123.03"
"1782","0","1782","303.93"
"1783","0","1783","198.24"
"1784","0","1784","211.02"
"1785","0","1785","237.60"
"1786","0","1786","362.71"
"1787","0","1787","460.07"
"1788","0","1788","199.08"
"1789","0","1789","9.75"
"1790","0","1790","364.51"
"1791","0","1791","420.80"
"1792","0","1792","168.60"
"1793","0","1793","182.57"
"1794","0","1794","416.66"
"1795","0","1795","441.54"
"1796","0","1796","344.69"
"1797","0","1797","461.68"
"1798","0","1798","150.38"
"1799","0","1799","427.48"
"1800","0","1800","447.22"
"1801","0","1801","427.21"
"1802","0","1802","407.99"
"1803","0","1803","331.22"
"1804","0","1804","380.67"
"1805","0","1805","41.50"
"1806","0","1806","296.99"
"1807","0","1807","279.63"
"1808","0","1808","480.02"
"1809","0","1809","330.85"
"1810","0","1810","417.89"
"1811","0","1811","295.57"
"1812","0","1812","55.73"
"1813","0","1813","44.86"
"1814","0","1814","380.87"
"1815","0","1815","96.95"
"1816","0","1816","300.75"
"1817","0","1817","442.79"
"1818","0","1818","1.95"
"1819","0","1819","480.27"
"1820","0","1820","185.95"
"1821","0","1821","346.40"
"1822","0","1822","256.52"
"1823","0","1823","306.71"
"1824","0","1824","349.70"
"1825","0","1825","465.24"
"1826","0","1826","208.48"
"1827","0","1827","388.97"
"1828","0","1828","474.47"
"1829","0","1829","287.44"
"1830","0","1830","240.11"
"1831","0","1831","254.74"
"1832","0","1832","39.86"
"1833","0","1833","424.02"
"1834","0","1834","422.97"
"1835","0","1835","393.18"
"1836","0","1836","489.47"
"1837","0","1837","233.86"
"1838","0","1838","485.34"
"1839","0","1839","128.86"
"1840","0","1840","209.17"
"1841","0","1841","174.46"
"1842","0","1842","245.63"
"1843","0","1843","474.10"
"1844","0","1844","130.45"
"1845","0","1845","163.14"
"1846","0","1846","393.32"
"1847","0","1847","121.55"
"1848","0","1848","383.28"
"1849","0","1849","139.65"
"1850","0","1850","181.22"
"1851","0","1851","393.86"
"1852","0","1852","105.34"
"1853","0","1853","181.24"
"1854","0","1854","95.14"
"1855","0","1855","79.60"
"1856","0","1856","50.18"
"1857","0","1857","135.79"
"1858","0","1858","50.81"
"1859","0","1859","70.44"
"1860","0","1860","458.32"
"1861","0","1861","22.54"
"1862","0","1862","185.61"
"1863","0","1863","149.38"
"1864","0","1864","103.51"
"1865","0","1865","349.68"
"1866","0","1866","138.10"
"1867","0","1867","84.56"
"1868","0","1868","489.43"
"1869","0","1869","398.16"
"1870","0","1870","320.40"
"1871","0","1871","67.66"
"1872","0","1872","446.80"
"1873","0","1873","318.69"
"1874","0","1874","11.81"
"1875","0","1875","182.09"
"1876","0","1876","450.83"
"1877","0","1877","334.84"
"1878","0","1878","59.06"
"1879","0","1879","387.85"
"1880","0","1880","3.76"
"1881","0","1881","115.57"
"1882","0","1882","456.83"
"1883","0","1883","304.20"
"1884","0","1884","301.93"
"1885","0","1885","92.78"
"1886","0","1886","209.24"
"1887","0","1887","237.63"
"1888","0","1888","202.80"
"1889","0","1889","224.34"
"1890","0","1890","163.99"
"1891","0","1891","309.72"
"1892","0","1892","492.88"
"1893","0","1893","24.72"
"1894","0","1894","97.50"
"1895","0","1895","369.99"
"1896","0","1896","457.09"
"1897","0","1897","338.39"
"1898","0","1898","170.72"
"1899","0","1899","294.67"
"1900","0","1900","355.46"
"1901","0","1901","296.28"
"1902","0","1902","61.07"
"1903","0","1903","418.19"
"1904","0","1904","145.74"
"1905","0","1905","360.22"
"1906","0","1906","450.30"
"1907","0","1907","357.06"
"1908","0","1908","57.90"
"1909","0","1909","349.44"
"1910","0","1910","461.43"
"1911","0","1911","473.81"
"1912","0","1912","273.12"
"1913","0","1913","114.49"
"1914","0","1914","275.01"
"1915","0","1915","35.71"
"1916","0","1916","295.47"
"1917","0","1917","417.64"
"1918","0","1918","14.94"
"1919","0","1919","325.13"
"1920","0","1920","376.73"
"1921","0","1921","292.80"
"1922","0","1922","318.72"
"1923","0","1923","348.81"
"1924","0","1924","268.08"
"1925","0","1925","341.38"
"1926","0","1926","332.43"
"1927","0","1927","69.35"
"1928","0","1928","183.71"
"1929","0","1929","124.85"
"1930","0","1930","11.55"
"1931","0","1931","292.28"
"1932","0","1932","292.61"
"1933","0","1933","316.02"
"1934","0","1934","424.20"
"1935","0","1935","379.54"
"1936","0","1936","311.70"
"1937","0","1937","63.21"
"1938","0","1938","467.85"
"1939","0","1939","320.50"
"1940","0","1940","328.58"
"1941","0","1941","367.40"
"1942","0","1942","256.47"
"1943","0","1943","427.97"
"1944","0","1944","68.47"
"1945","0","1945","161.01"
"1946","0","1946","328.52"
"1947","0","1947","366.60"
"1948","0","1948","226.62"
"1949","0","1949","403.38"
"1950","0","1950","302.64"
"1951","0","1951","20.09"
"1952","0","1952","115.87"
"1953","0","1953","352.27"
"1954","0","1954","28.56"
"1955","0","1955","442.42"
"1956","0","1956","409.14"
"1957","0","1957","293.20"
"1958","0","1958","136.38"
"1959","0","1959","442.69"
"1960","0","1960","305.34"
"1961","0","1961","115.93"
"1962","0","1962","205.21"
"1963","0","1963","386.80"
"1964","0","1964","193.78"
"1965","0","1965","168.53"
"1966","0","1966","265.36"
"1967","0","1967","78.97"
"1968","0","1968","249.41"
"1969","0","1969","500.12"
"1970","0","1970","324.75"
"1971","0","1971","470.41"
"1972","0","1972","223.57"
"1973","0","1973","417.36"
"1974","0","1974","260.86"
"1975","0","1975","365.49"
"1976","0","1976","45.22"
"1977","0","1977","98.91"
"1978","0","1978","376.48"
"1979","0","1979","338.15"
"1980","0","1980","239.05"
"1981","0","1981","283.64"
"1982","0","1982","151.25"
"1983","0","1983","459.13"
"1984","0","1984","239.28"
"1985","0","1985","236.07"
"1986","0","1986","271.12"
"1987","0","1987","225.07"
"1988","0","1988","185.60"
"1989","0","1989","58.20"
"1990","0","1990","153.58"
"1991","0","1991","132.65"
"1992","0","1992","462.09"
"1993","0","1993","484.91"
"1994","0","1994","21.32"
"1995","0","1995","341.91"
"1996","0","1996","389.24"
"1997","0","1997","307.96"
"1998","0","1998","8.00"
"1999","0","1999","296.97"
